2016-08-04 15:37:22|2016-08-04 15:37:24|PERFORMANCE2016-08-04 15:37:22
2016-08-04 15:37:24|2016-08-04 15:37:26|PERFORMANCE2016-08-04 15:37:24
2016-08-04 15:37:26|2016-08-04 15:37:28|PERFORMANCE2016-08-04 15:37:26
2016-08-04 15:37:28|2016-08-04 15:37:30|PERFORMANCE2016-08-04 15:37:28
2016-08-04 15:37:30|2016-08-04 15:37:32|PERFORMANCE2016-08-04 15:37:30
2016-08-04 15:37:32|2016-08-04 15:37:34|PERFORMANCE2016-08-04 15:37:32
2016-08-04 15:37:34|2016-08-04 15:37:36|PERFORMANCE2016-08-04 15:37:34
2016-08-04 15:37:36|2016-08-04 15:37:38|PERFORMANCE2016-08-04 15:37:36
2016-08-04 15:37:38|2016-08-04 15:37:40|PERFORMANCE2016-08-04 15:37:38
2016-08-04 15:37:40|2016-08-04 15:37:42|PERFORMANCE2016-08-04 15:37:40
2016-08-04 15:37:42|2016-08-04 15:37:44|PERFORMANCE2016-08-04 15:37:42
2016-08-04 15:37:44|2016-08-04 15:37:46|PERFORMANCE2016-08-04 15:37:44
2016-08-04 15:37:46|2016-08-04 15:37:48|PERFORMANCE2016-08-04 15:37:46
2016-08-04 15:37:48|2016-08-04 15:37:50|PERFORMANCE2016-08-04 15:37:48
2016-08-04 15:37:50|2016-08-04 15:37:52|PERFORMANCE2016-08-04 15:37:50
2016-08-04 15:37:52|2016-08-04 15:37:54|PERFORMANCE2016-08-04 15:37:52
2016-08-04 15:37:54|2016-08-04 15:37:56|PERFORMANCE2016-08-04 15:37:54
2016-08-04 15:37:56|2016-08-04 15:37:58|PERFORMANCE2016-08-04 15:37:56
2016-08-04 15:37:58|2016-08-04 15:38:00|PERFORMANCE2016-08-04 15:37:58
2016-08-04 15:38:00|2016-08-04 15:38:02|PERFORMANCE2016-08-04 15:38:00
2016-08-04 15:38:02|2016-08-04 15:38:04|PERFORMANCE2016-08-04 15:38:02
2016-08-04 15:38:04|2016-08-04 15:38:06|PERFORMANCE2016-08-04 15:38:04
2016-08-04 15:38:06|2016-08-04 15:38:08|PERFORMANCE2016-08-04 15:38:06
2016-08-04 15:38:08|2016-08-04 15:38:10|PERFORMANCE2016-08-04 15:38:08
2016-08-04 15:38:10|2016-08-04 15:38:12|PERFORMANCE2016-08-04 15:38:10
2016-08-04 15:38:12|2016-08-04 15:38:14|PERFORMANCE2016-08-04 15:38:12
2016-08-04 15:38:14|2016-08-04 15:38:16|PERFORMANCE2016-08-04 15:38:14
2016-08-04 15:38:16|2016-08-04 15:38:18|PERFORMANCE2016-08-04 15:38:16
2016-08-04 15:38:18|2016-08-04 15:38:20|PERFORMANCE2016-08-04 15:38:18
2016-08-04 15:38:20|2016-08-04 15:38:22|PERFORMANCE2016-08-04 15:38:20
2016-08-04 15:38:22|2016-08-04 15:38:24|PERFORMANCE2016-08-04 15:38:22
2016-08-04 15:38:24|2016-08-04 15:38:26|PERFORMANCE2016-08-04 15:38:24
2016-08-04 15:38:26|2016-08-04 15:38:28|PERFORMANCE2016-08-04 15:38:26
2016-08-04 15:38:28|2016-08-04 15:38:30|PERFORMANCE2016-08-04 15:38:28
2016-08-04 15:38:30|2016-08-04 15:38:32|PERFORMANCE2016-08-04 15:38:30
2016-08-04 15:38:32|2016-08-04 15:38:34|PERFORMANCE2016-08-04 15:38:32
2016-08-04 15:38:34|2016-08-04 15:38:36|PERFORMANCE2016-08-04 15:38:34
2016-08-04 15:38:36|2016-08-04 15:38:38|PERFORMANCE2016-08-04 15:38:36
2016-08-04 15:38:38|2016-08-04 15:38:40|PERFORMANCE2016-08-04 15:38:38
2016-08-04 15:38:40|2016-08-04 15:38:42|PERFORMANCE2016-08-04 15:38:40
2016-08-04 15:38:42|2016-08-04 15:38:44|PERFORMANCE2016-08-04 15:38:42
2016-08-04 15:38:44|2016-08-04 15:38:46|PERFORMANCE2016-08-04 15:38:44
2016-08-04 15:38:46|2016-08-04 15:38:48|PERFORMANCE2016-08-04 15:38:46
2016-08-04 15:38:48|2016-08-04 15:38:50|PERFORMANCE2016-08-04 15:38:48
2016-08-04 15:38:50|2016-08-04 15:38:52|PERFORMANCE2016-08-04 15:38:50
2016-08-04 15:38:52|2016-08-04 15:38:54|PERFORMANCE2016-08-04 15:38:52
2016-08-04 15:38:54|2016-08-04 15:38:56|PERFORMANCE2016-08-04 15:38:54
2016-08-04 15:38:56|2016-08-04 15:38:58|PERFORMANCE2016-08-04 15:38:56
2016-08-04 15:38:58|2016-08-04 15:39:00|PERFORMANCE2016-08-04 15:38:58
2016-08-04 15:39:00|2016-08-04 15:39:02|PERFORMANCE2016-08-04 15:39:00
2016-08-04 15:39:02|2016-08-04 15:39:04|PERFORMANCE2016-08-04 15:39:02
2016-08-04 15:39:04|2016-08-04 15:39:06|PERFORMANCE2016-08-04 15:39:04
2016-08-04 15:39:06|2016-08-04 15:39:08|PERFORMANCE2016-08-04 15:39:06
2016-08-04 15:39:08|2016-08-04 15:39:10|PERFORMANCE2016-08-04 15:39:08
2016-08-04 15:39:10|2016-08-04 15:39:12|PERFORMANCE2016-08-04 15:39:10
2016-08-04 15:39:12|2016-08-04 15:39:14|PERFORMANCE2016-08-04 15:39:12
2016-08-04 15:39:14|2016-08-04 15:39:16|PERFORMANCE2016-08-04 15:39:14
2016-08-04 15:39:16|2016-08-04 15:39:18|PERFORMANCE2016-08-04 15:39:16
2016-08-04 15:39:18|2016-08-04 15:39:20|PERFORMANCE2016-08-04 15:39:18
2016-08-04 15:39:20|2016-08-04 15:39:22|PERFORMANCE2016-08-04 15:39:20
2016-08-04 15:39:22|2016-08-04 15:39:24|PERFORMANCE2016-08-04 15:39:22
2016-08-04 15:39:24|2016-08-04 15:39:26|PERFORMANCE2016-08-04 15:39:24
2016-08-04 15:39:26|2016-08-04 15:39:28|PERFORMANCE2016-08-04 15:39:26
2016-08-04 15:39:28|2016-08-04 15:39:30|PERFORMANCE2016-08-04 15:39:28
2016-08-04 15:39:30|2016-08-04 15:39:32|PERFORMANCE2016-08-04 15:39:30
2016-08-04 15:39:32|2016-08-04 15:39:34|PERFORMANCE2016-08-04 15:39:32
2016-08-04 15:39:34|2016-08-04 15:39:36|PERFORMANCE2016-08-04 15:39:34
2016-08-04 15:39:36|2016-08-04 15:39:38|PERFORMANCE2016-08-04 15:39:36
2016-08-04 15:39:38|2016-08-04 15:39:40|PERFORMANCE2016-08-04 15:39:38
2016-08-04 15:39:40|2016-08-04 15:39:42|PERFORMANCE2016-08-04 15:39:40
2016-08-04 15:39:42|2016-08-04 15:39:44|PERFORMANCE2016-08-04 15:39:42
2016-08-04 15:39:44|2016-08-04 15:39:46|PERFORMANCE2016-08-04 15:39:44
2016-08-04 15:39:46|2016-08-04 15:39:48|PERFORMANCE2016-08-04 15:39:46
2016-08-04 15:39:48|2016-08-04 15:39:50|PERFORMANCE2016-08-04 15:39:48
2016-08-04 15:39:50|2016-08-04 15:39:52|PERFORMANCE2016-08-04 15:39:50
2016-08-04 15:39:52|2016-08-04 15:39:54|PERFORMANCE2016-08-04 15:39:52
2016-08-04 15:39:54|2016-08-04 15:39:56|PERFORMANCE2016-08-04 15:39:54
2016-08-04 15:39:56|2016-08-04 15:39:58|PERFORMANCE2016-08-04 15:39:56
2016-08-04 15:39:58|2016-08-04 15:40:00|PERFORMANCE2016-08-04 15:39:58
2016-08-04 15:40:00|2016-08-04 15:40:02|PERFORMANCE2016-08-04 15:40:00
2016-08-04 15:40:02|2016-08-04 15:40:04|PERFORMANCE2016-08-04 15:40:02
2016-08-04 15:40:04|2016-08-04 15:40:06|PERFORMANCE2016-08-04 15:40:04
2016-08-04 15:40:06|2016-08-04 15:40:08|PERFORMANCE2016-08-04 15:40:06
2016-08-04 15:40:08|2016-08-04 15:40:10|PERFORMANCE2016-08-04 15:40:08
2016-08-04 15:40:10|2016-08-04 15:40:12|PERFORMANCE2016-08-04 15:40:10
2016-08-04 15:40:12|2016-08-04 15:40:14|PERFORMANCE2016-08-04 15:40:12
2016-08-04 15:40:14|2016-08-04 15:40:16|PERFORMANCE2016-08-04 15:40:14
2016-08-04 15:40:16|2016-08-04 15:40:18|PERFORMANCE2016-08-04 15:40:16
2016-08-04 15:40:18|2016-08-04 15:40:20|PERFORMANCE2016-08-04 15:40:18
2016-08-04 15:40:20|2016-08-04 15:40:22|PERFORMANCE2016-08-04 15:40:20
2016-08-04 15:40:22|2016-08-04 15:40:24|PERFORMANCE2016-08-04 15:40:22
2016-08-04 15:40:24|2016-08-04 15:40:26|PERFORMANCE2016-08-04 15:40:24
2016-08-04 15:40:26|2016-08-04 15:40:28|PERFORMANCE2016-08-04 15:40:26
2016-08-04 15:40:28|2016-08-04 15:40:30|PERFORMANCE2016-08-04 15:40:28
2016-08-04 15:40:30|2016-08-04 15:40:32|PERFORMANCE2016-08-04 15:40:30
2016-08-04 15:40:32|2016-08-04 15:40:34|PERFORMANCE2016-08-04 15:40:32
2016-08-04 15:40:34|2016-08-04 15:40:36|PERFORMANCE2016-08-04 15:40:34
2016-08-04 15:40:36|2016-08-04 15:40:38|PERFORMANCE2016-08-04 15:40:36
2016-08-04 15:40:38|2016-08-04 15:40:40|PERFORMANCE2016-08-04 15:40:38
2016-08-04 15:40:40|2016-08-04 15:40:42|PERFORMANCE2016-08-04 15:40:40
2016-08-04 15:40:42|2016-08-04 15:40:44|PERFORMANCE2016-08-04 15:40:42
2016-08-04 15:40:44|2016-08-04 15:40:46|PERFORMANCE2016-08-04 15:40:44
2016-08-04 15:40:46|2016-08-04 15:40:48|PERFORMANCE2016-08-04 15:40:46
2016-08-04 15:40:48|2016-08-04 15:40:50|PERFORMANCE2016-08-04 15:40:48
2016-08-04 15:40:50|2016-08-04 15:40:52|PERFORMANCE2016-08-04 15:40:50
2016-08-04 15:40:52|2016-08-04 15:40:54|PERFORMANCE2016-08-04 15:40:52
2016-08-04 15:40:54|2016-08-04 15:40:56|PERFORMANCE2016-08-04 15:40:54
2016-08-04 15:40:56|2016-08-04 15:40:58|PERFORMANCE2016-08-04 15:40:56
2016-08-04 15:40:58|2016-08-04 15:41:00|PERFORMANCE2016-08-04 15:40:58
2016-08-04 15:41:00|2016-08-04 15:41:02|PERFORMANCE2016-08-04 15:41:00
2016-08-04 15:41:02|2016-08-04 15:41:04|PERFORMANCE2016-08-04 15:41:02
2016-08-04 15:41:04|2016-08-04 15:41:06|PERFORMANCE2016-08-04 15:41:04
2016-08-04 15:41:06|2016-08-04 15:41:08|PERFORMANCE2016-08-04 15:41:06
2016-08-04 15:41:08|2016-08-04 15:41:10|PERFORMANCE2016-08-04 15:41:08
2016-08-04 15:41:10|2016-08-04 15:41:12|PERFORMANCE2016-08-04 15:41:10
2016-08-04 15:41:12|2016-08-04 15:41:14|PERFORMANCE2016-08-04 15:41:12
2016-08-04 15:41:14|2016-08-04 15:41:16|PERFORMANCE2016-08-04 15:41:14
2016-08-04 15:41:16|2016-08-04 15:41:18|PERFORMANCE2016-08-04 15:41:16
2016-08-04 15:41:18|2016-08-04 15:41:20|PERFORMANCE2016-08-04 15:41:18
2016-08-04 15:41:20|2016-08-04 15:41:22|PERFORMANCE2016-08-04 15:41:20
2016-08-04 15:41:22|2016-08-04 15:41:24|PERFORMANCE2016-08-04 15:41:22
2016-08-04 15:41:24|2016-08-04 15:41:26|PERFORMANCE2016-08-04 15:41:24
2016-08-04 15:41:26|2016-08-04 15:41:28|PERFORMANCE2016-08-04 15:41:26
2016-08-04 15:41:28|2016-08-04 15:41:30|PERFORMANCE2016-08-04 15:41:28
2016-08-04 15:41:30|2016-08-04 15:41:32|PERFORMANCE2016-08-04 15:41:30
2016-08-04 15:41:32|2016-08-04 15:41:34|PERFORMANCE2016-08-04 15:41:32
2016-08-04 15:41:34|2016-08-04 15:41:36|PERFORMANCE2016-08-04 15:41:34
2016-08-04 15:41:36|2016-08-04 15:41:38|PERFORMANCE2016-08-04 15:41:36
2016-08-04 15:41:38|2016-08-04 15:41:40|PERFORMANCE2016-08-04 15:41:38
2016-08-04 15:41:40|2016-08-04 15:41:42|PERFORMANCE2016-08-04 15:41:40
2016-08-04 15:41:42|2016-08-04 15:41:44|PERFORMANCE2016-08-04 15:41:42
2016-08-04 15:41:44|2016-08-04 15:41:46|PERFORMANCE2016-08-04 15:41:44
2016-08-04 15:41:46|2016-08-04 15:41:48|PERFORMANCE2016-08-04 15:41:46
2016-08-04 15:41:48|2016-08-04 15:41:50|PERFORMANCE2016-08-04 15:41:48
2016-08-04 15:41:50|2016-08-04 15:41:52|PERFORMANCE2016-08-04 15:41:50
2016-08-04 15:41:52|2016-08-04 15:41:54|PERFORMANCE2016-08-04 15:41:52
2016-08-04 15:41:54|2016-08-04 15:41:56|PERFORMANCE2016-08-04 15:41:54
2016-08-04 15:41:56|2016-08-04 15:41:58|PERFORMANCE2016-08-04 15:41:56
2016-08-04 15:41:58|2016-08-04 15:42:00|PERFORMANCE2016-08-04 15:41:58
2016-08-04 15:42:00|2016-08-04 15:42:02|PERFORMANCE2016-08-04 15:42:00
2016-08-04 15:42:02|2016-08-04 15:42:04|PERFORMANCE2016-08-04 15:42:02
2016-08-04 15:42:04|2016-08-04 15:42:06|PERFORMANCE2016-08-04 15:42:04
2016-08-04 15:42:06|2016-08-04 15:42:08|PERFORMANCE2016-08-04 15:42:06
2016-08-04 15:42:08|2016-08-04 15:42:10|PERFORMANCE2016-08-04 15:42:08
2016-08-04 15:42:10|2016-08-04 15:42:12|PERFORMANCE2016-08-04 15:42:10
2016-08-04 15:42:12|2016-08-04 15:42:14|PERFORMANCE2016-08-04 15:42:12
2016-08-04 15:42:14|2016-08-04 15:42:16|PERFORMANCE2016-08-04 15:42:14
2016-08-04 15:42:16|2016-08-04 15:42:18|PERFORMANCE2016-08-04 15:42:16
2016-08-04 15:42:18|2016-08-04 15:42:20|PERFORMANCE2016-08-04 15:42:18
2016-08-04 15:42:20|2016-08-04 15:42:22|PERFORMANCE2016-08-04 15:42:20
2016-08-04 15:42:22|2016-08-04 15:42:24|PERFORMANCE2016-08-04 15:42:22
2016-08-04 15:42:24|2016-08-04 15:42:26|PERFORMANCE2016-08-04 15:42:24
2016-08-04 15:42:26|2016-08-04 15:42:28|PERFORMANCE2016-08-04 15:42:26
2016-08-04 15:42:28|2016-08-04 15:42:30|PERFORMANCE2016-08-04 15:42:28
2016-08-04 15:42:30|2016-08-04 15:42:32|PERFORMANCE2016-08-04 15:42:30
2016-08-04 15:42:32|2016-08-04 15:42:34|PERFORMANCE2016-08-04 15:42:32
2016-08-04 15:42:34|2016-08-04 15:42:36|PERFORMANCE2016-08-04 15:42:34
2016-08-04 15:42:36|2016-08-04 15:42:38|PERFORMANCE2016-08-04 15:42:36
2016-08-04 15:42:38|2016-08-04 15:42:40|PERFORMANCE2016-08-04 15:42:38
2016-08-04 15:42:40|2016-08-04 15:42:42|PERFORMANCE2016-08-04 15:42:40
2016-08-04 15:42:42|2016-08-04 15:42:44|PERFORMANCE2016-08-04 15:42:42
2016-08-04 15:42:44|2016-08-04 15:42:46|PERFORMANCE2016-08-04 15:42:44
2016-08-04 15:42:46|2016-08-04 15:42:48|PERFORMANCE2016-08-04 15:42:46
2016-08-04 15:42:48|2016-08-04 15:42:50|PERFORMANCE2016-08-04 15:42:48
2016-08-04 15:42:50|2016-08-04 15:42:52|PERFORMANCE2016-08-04 15:42:50
2016-08-04 15:42:52|2016-08-04 15:42:54|PERFORMANCE2016-08-04 15:42:52
2016-08-04 15:42:54|2016-08-04 15:42:56|PERFORMANCE2016-08-04 15:42:54
2016-08-04 15:42:56|2016-08-04 15:42:58|PERFORMANCE2016-08-04 15:42:56
2016-08-04 15:42:58|2016-08-04 15:43:00|PERFORMANCE2016-08-04 15:42:58
2016-08-04 15:43:00|2016-08-04 15:43:02|PERFORMANCE2016-08-04 15:43:00
2016-08-04 15:43:02|2016-08-04 15:43:04|PERFORMANCE2016-08-04 15:43:02
2016-08-04 15:43:04|2016-08-04 15:43:06|PERFORMANCE2016-08-04 15:43:04
2016-08-04 15:43:06|2016-08-04 15:43:08|PERFORMANCE2016-08-04 15:43:06
2016-08-04 15:43:08|2016-08-04 15:43:10|PERFORMANCE2016-08-04 15:43:08
2016-08-04 15:43:10|2016-08-04 15:43:12|PERFORMANCE2016-08-04 15:43:10
2016-08-04 15:43:12|2016-08-04 15:43:14|PERFORMANCE2016-08-04 15:43:12
2016-08-04 15:43:14|2016-08-04 15:43:16|PERFORMANCE2016-08-04 15:43:14
2016-08-04 15:43:16|2016-08-04 15:43:18|PERFORMANCE2016-08-04 15:43:16
2016-08-04 15:43:18|2016-08-04 15:43:20|PERFORMANCE2016-08-04 15:43:18
2016-08-04 15:43:20|2016-08-04 15:43:22|PERFORMANCE2016-08-04 15:43:20
2016-08-04 15:43:22|2016-08-04 15:43:24|PERFORMANCE2016-08-04 15:43:22
2016-08-04 15:43:24|2016-08-04 15:43:26|PERFORMANCE2016-08-04 15:43:24
2016-08-04 15:43:26|2016-08-04 15:43:28|PERFORMANCE2016-08-04 15:43:26
2016-08-04 15:43:28|2016-08-04 15:43:30|PERFORMANCE2016-08-04 15:43:28
2016-08-04 15:43:30|2016-08-04 15:43:32|PERFORMANCE2016-08-04 15:43:30
2016-08-04 15:43:32|2016-08-04 15:43:34|PERFORMANCE2016-08-04 15:43:32
2016-08-04 15:43:34|2016-08-04 15:43:36|PERFORMANCE2016-08-04 15:43:34
2016-08-04 15:43:36|2016-08-04 15:43:38|PERFORMANCE2016-08-04 15:43:36
2016-08-04 15:43:38|2016-08-04 15:43:40|PERFORMANCE2016-08-04 15:43:38
2016-08-04 15:43:40|2016-08-04 15:43:42|PERFORMANCE2016-08-04 15:43:40
2016-08-04 15:43:42|2016-08-04 15:43:44|PERFORMANCE2016-08-04 15:43:42
2016-08-04 15:43:44|2016-08-04 15:43:46|PERFORMANCE2016-08-04 15:43:44
2016-08-04 15:43:46|2016-08-04 15:43:48|PERFORMANCE2016-08-04 15:43:46
2016-08-04 15:43:48|2016-08-04 15:43:50|PERFORMANCE2016-08-04 15:43:48
2016-08-04 15:43:50|2016-08-04 15:43:52|PERFORMANCE2016-08-04 15:43:50
2016-08-04 15:43:52|2016-08-04 15:43:54|PERFORMANCE2016-08-04 15:43:52
2016-08-04 15:43:54|2016-08-04 15:43:56|PERFORMANCE2016-08-04 15:43:54
2016-08-04 15:43:56|2016-08-04 15:43:58|PERFORMANCE2016-08-04 15:43:56
2016-08-04 15:43:58|2016-08-04 15:44:00|PERFORMANCE2016-08-04 15:43:58
2016-08-04 15:44:00|2016-08-04 15:44:02|PERFORMANCE2016-08-04 15:44:00
2016-08-04 15:44:02|2016-08-04 15:44:04|PERFORMANCE2016-08-04 15:44:02
2016-08-04 15:44:04|2016-08-04 15:44:06|PERFORMANCE2016-08-04 15:44:04
2016-08-04 15:44:06|2016-08-04 15:44:08|PERFORMANCE2016-08-04 15:44:06
2016-08-04 15:44:08|2016-08-04 15:44:10|PERFORMANCE2016-08-04 15:44:08
2016-08-04 15:44:10|2016-08-04 15:44:12|PERFORMANCE2016-08-04 15:44:10
